<?xml version="1.0" standalone="yes"?>
<!--Esta lista de reproduccion fue generada por gen_waXMLpl.dll (plugin de Winamp 2.9+)-->
<!--Joel Almeida Garcia-->
<!--Email: aullidolunar@gmail.com-->
<Lista Winamp="5.10" Items="10" Fecha="26/9/2005" Hora="11:29:47" Zona="Español (México)" Nombre="NuevoNombre">
	<Pista ID="1" Tiempo="4:58">Alejandro Sanz - Mi soledad y yo</Pista>
	<Pista ID="2" Tiempo="3:36">Banda Agua Caliente - Mi Adoracion</Pista>
	<Pista ID="3" Tiempo="4:34">Complices - Es Por Ti</Pista>
	<Pista ID="4" Tiempo="4:08">cristian castro - te buscaria</Pista>
	<Pista ID="5" Tiempo="3:34">Elefante - el abandonao</Pista>
	<Pista ID="6" Tiempo="4:20">grupo indio - mi adoracion</Pista>
	<Pista ID="7" Tiempo="3:33">grupo yndio - por que nos dijimos adios</Pista>
	<Pista ID="8" Tiempo="4:04">Joaquin Sabina - La 69 punto "G"</Pista>
	<Pista ID="9" Tiempo="4:50">los amantes de lola - maria rosario(2)</Pista>
	<Pista ID="10" Tiempo="2:45">los apson - cuando yo era un jovencito</Pista>
</Lista>
